{
  "id": "bb877918-9ebf-489d-bd98-bd2c64c18e8c",
  "alias": "SpfxAngWebpartWebPart",
  "componentType": "WebPart",
  "version": "0.0.1",
  "manifestVersion": 2,
  "requiresCustomScript": false,
  "supportedHosts": [
    "SharePointWebPart",
    "TeamsPersonalApp",
    "TeamsTab",
    "SharePointFullPage"
  ],
  "supportsThemeVariants": true,
  "preconfiguredEntries": [
    {
      "groupId": "5c03119e-3074-46fd-976b-c60198311f70",
      "group": {
        "default": "Advanced"
      },
      "title": {
        "default": "spfx-ang-webpart"
      },
      "description": {
        "default": "spfx-ang-webpart description"
      },
      "officeFabricIconFontName": "Page",
      "properties": {
        "description": "spfx-ang-webpart"
      }
    }
  ],
  "loaderConfig": {
    "internalModuleBaseUrls": [
      "<!-- PATH TO CDN -->"
    ],
    "entryModuleId": "spfx-ang-webpart-web-part",
    "scriptResources": {
      "spfx-ang-webpart-web-part": {
        "type": "path",
        "path": "spfx-ang-webpart-web-part.js"
      },
      "@microsoft/sp-property-pane": {
        "type": "component",
        "id": "f9e737b7-f0df-4597-ba8c-3060f82380db",
        "version": "1.18.2"
      },
      "@microsoft/sp-core-library": {
        "type": "component",
        "id": "7263c7d0-1d6a-45ec-8d85-d4d1d234171b",
        "version": "1.18.2"
      },
      "@microsoft/sp-webpart-base": {
        "type": "component",
        "id": "974a7777-0990-4136-8fa6-95d80114c2e0",
        "version": "1.18.2"
      },
      "SpfxAngWebpartWebPartStrings": {
        "type": "path",
        "path": "SpfxAngWebpartWebPartStrings_en-us.js"
      }
    }
  }
}