{
  "$schema": "https://developer.microsoft.com/json-schemas/spfx-build/package-solution.schema.json",
  "solution": {
    "name": "spfx-ang-sol-client-side-solution",
    "id": "213ad597-fafa-4fc7-be31-ab3128562095",
    "version": "1.0.0.0",
    "includeClientSideAssets": true,
    "skipFeatureDeployment": true,
    "isDomainIsolated": false,
    "developer": {
      "name": "",
      "websiteUrl": "",
      "privacyUrl": "",
      "termsOfUseUrl": "",
      "mpnId": "Undefined-1.18.2"
    },
    "metadata": {
      "shortDescription": {
        "default": "spfx-ang-sol description"
      },
      "longDescription": {
        "default": "spfx-ang-sol description"
      },
      "screenshotPaths": [],
      "videoUrl": "",
      "categories": []
    },
    "features": [
      {
        "title": "spfx-ang-sol Feature",
        "description": "The feature that activates elements of the spfx-ang-sol solution.",
        "id": "f6088881-6c42-4df5-9422-46e3133abd39",
        "version": "1.0.0.0"
      }
    ]
  },
  "paths": {
    "zippedPackage": "solution/spfx-ang-sol.sppkg"
  }
}
