<?xml version="1.0" encoding="utf-8"?><App xmlns="http://schemas.microsoft.com/sharepoint/2012/app/manifest" Name="spfx-ang-sol-client-side-solution" ProductID="213ad597-fafa-4fc7-be31-ab3128562095" SharePointMinVersion="16.0.0.0" IsClientSideSolution="true" Version="1.0.0.0" SkipFeatureDeployment="true" IsDomainIsolated="false"><Properties><Title>spfx-ang-sol-client-side-solution</Title><DeveloperProperties>{&quot;name&quot;:&quot;&quot;,&quot;websiteUrl&quot;:&quot;&quot;,&quot;privacyUrl&quot;:&quot;&quot;,&quot;termsOfUseUrl&quot;:&quot;&quot;,&quot;mpnId&quot;:&quot;Undefined-1.18.2&quot;}</DeveloperProperties><ShortDescription><LocalizedString CultureName="default">spfx-ang-sol description</LocalizedString></ShortDescription><LongDescription><LocalizedString CultureName="default">spfx-ang-sol description</LocalizedString></LongDescription><Screenshots></Screenshots></Properties></App>